image,quiz_20251227_210627.png,tibialis anterior
image,quiz_20251227_211555.png,extensor digitorum longus
image,quiz_20251227_211644.png,anterior tibial a.
image,quiz_20251227_211754.png,fibularis longus
image,quiz_20251227_211850.png,tibialis posterior
image,quiz_20251227_212120.png,tibialis anterior
image,quiz_20251227_212217.png,extensor digitorum longus
image,quiz_20251227_212255.png,anterior tibial a.
image,quiz_20251227_212346.png,fibularis longus
image,quiz_20251227_212450.png,tibialis posterior
image,quiz_20251227_212749.png,tibialis anterior
image,quiz_20251227_212855.png,extensor digitorum longus
image,quiz_20251227_212927.png,anterior tibial a.
image,quiz_20251227_212957.png,fibularis longus
image,quiz_20251227_213041.png,fibularis brevis
image,quiz_20251227_213203.png,tibialis posterior
image,quiz_20251227_213607.png,tibialis anterior
image,quiz_20251227_213628.png,anterior tibial a.
image,quiz_20251227_213659.png,extensor digitorum longus
image,quiz_20251227_213812.png,fibularis longus
image,quiz_20251227_213841.png,fibularis brevis
image,quiz_20251227_213941.png,tibialis posterior
image,quiz_20251227_215028.png,extensor hallucis longus
image,quiz_20251227_215058.png,tibialis anterior
image,quiz_20251227_215128.png,extensor digitorum longus
image,quiz_20251227_215152.png,anterior tibial a.
image,quiz_20251227_215223.png,fibularis longus
image,quiz_20251227_215257.png,fibularis brevis
image,quiz_20251227_215549.png,tibialis posterior
image,quiz_20251227_215741.png,tibialis anterior
image,quiz_20251227_215805.png,extensor digitorum longus
image,quiz_20251227_215846.png,extensor hallucis longus
image,quiz_20251227_215947.png,fibularis longus
image,quiz_20251227_220007.png,fibularis brevis
image,quiz_20251227_220126.png,anterior tibial a.
image,quiz_20251227_220147.png,tibialis posterior
image,quiz_20251227_220256.png,tibialis anterior
image,quiz_20251227_220321.png,extensor digitorum longus
image,quiz_20251227_220417.png,extensor hallucis longus
image,quiz_20251227_220534.png,fibularis brevis
image,quiz_20251227_220552.png,fibularis longus
image,quiz_20251227_220636.png,anterior tibial a.
image,quiz_20251227_220702.png,tibialis posterior
image,quiz_20251227_221002.png,tibialis anterior
image,quiz_20251227_221035.png,extensor hallucis longus
image,quiz_20251227_221133.png,extensor digitorum longus
image,quiz_20251227_221210.png,fibularis brevis
image,quiz_20251227_221230.png,fibularis longus
image,quiz_20251227_221312.png,anterior tibial a.
image,quiz_20251227_221349.png,tibialis posterior
image,quiz_20251227_221557.png,tibialis anterior
image,quiz_20251227_221625.png,extensor hallucis longus
image,quiz_20251227_221646.png,extensor digitorum longus
image,quiz_20251227_221718.png,fibularis brevis
image,quiz_20251227_221734.png,fibularis longus
image,quiz_20251227_221823.png,anterior tibial a.
image,quiz_20251227_221843.png,tibialis posterior
image,quiz_20251227_222206.png,tibialis anterior
image,quiz_20251227_222245.png,extensor hallucis longus
image,quiz_20251227_222318.png,extensor digitorum longus
image,quiz_20251227_222409.png,fibularis brevis
image,quiz_20251227_222426.png,fibularis longus
image,quiz_20251227_222450.png,anterior tibial a.
image,quiz_20251227_222528.png,tibialis posterior
image,quiz_20251227_222812.png,extensor hallucis longus
image,quiz_20251227_222846.png,extensor digitorum longus
image,quiz_20251227_222949.png,fibularis longus tendon
image,quiz_20251227_223015.png,fibularis brevis
image,quiz_20251227_223053.png,tibialis posterior
image,quiz_20251227_223117.png,anterior tibial a.
image,quiz_20251227_223133.png,tibialis anterior
image,quiz_20251227_224420.png,urinary bladder
image,quiz_20251227_224443.png,uterus
image,quiz_20251227_224513.png,ovary
image,quiz_20251227_224540.png,piriformis
image,quiz_20251227_224616.png,obturator internus
image,quiz_20251227_224753.png,sartorius
image,quiz_20251227_225102.png,urinary bladder
image,quiz_20251227_225127.png,uterus
image,quiz_20251227_225457.png,coccygeus
image,quiz_20251227_225533.png,obturator internus
image,quiz_20251227_225648.png,obturator a.
image,quiz_20251227_225718.png,sartorius
image,quiz_20251227_225916.png,levator ani
image,quiz_20251227_230009.png,obturator internus
image,quiz_20251227_230041.png,internal pudendal a.
image,quiz_20251227_230110.png,sartorius
image,quiz_20251227_230134.png,urethra
image,quiz_20251227_230529.png,crus of clitoris
image,quiz_20251227_230603.png,glans of clitoris
image,quiz_20251227_230713.png,urethra
image,quiz_20251227_231138.png,levator ani
image,quiz_20251227_231213.png,obturator internus
image,quiz_20251227_231251.png,sartorius
image,quiz_20251227_231517.png,labium majus
image,quiz_20251227_231531.png,labium minus
image,quiz_20251227_231617.png,sartorius
image,quiz_20251227_231847.png,buccinator
image,quiz_20251227_231910.png,temporalis
image,quiz_20251227_232005.png,tensor veli palatini
image,quiz_20251227_232152.png,lateral pterygoid m.
image,quiz_20251227_232219.png,medial pterygoid m.
image,quiz_20251227_232316.png,masseter
image,quiz_20251227_232458.png,levator veli palatini
image,quiz_20251227_232608.png,longus capitis
image,quiz_20251227_232653.png,internal carotid a.
image,quiz_20251227_233019.png,masseter
image,quiz_20251227_233058.png,medial pterygoid m.
image,quiz_20251227_233125.png,longus capitis
image,quiz_20251227_233154.png,internal carotid a.
image,quiz_20251227_233241.png,spinal cord
image,quiz_20251227_233718.png,genioglossus
image,quiz_20251227_233819.png,hyoglossus
image,quiz_20251227_233903.png,styloglossus
image,quiz_20251227_233929.png,mylohyoid
image,quiz_20251227_234029.png,sublingual gland
image,quiz_20251227_234110.png,masseter
image,quiz_20251227_234153.png,medial pterygoid m.
image,quiz_20251227_234304.png,pharyngeal constrictor
image,quiz_20251227_234345.png,longus capitis
image,quiz_20251227_234410.png,longus colli
image,quiz_20251227_234439.png,oropharynx
image,quiz_20251227_234529.png,internal carotid a.
image,quiz_20251227_234551.png,spinal cord
image,quiz_20251227_234827.png,geniohyoid
image,quiz_20251227_234844.png,mylohyoid
image,quiz_20251227_234905.png,oropharynx
image,quiz_20251227_234927.png,internal carotid a.
image,quiz_20251227_234947.png,spinal cord
image,quiz_20251227_235117.png,longus colli
image,quiz_20251227_235137.png,longus capitis
image,quiz_20251227_235202.png,submandibular gland
image,quiz_20251227_235502.png,longus colli
image,quiz_20251227_235541.png,spinal cord
image,quiz_20251228_000409.png,posterior cricoarytenoid m.
image,quiz_20251228_000450.png,cricothyroid m.
image,quiz_20251228_000714.png,longus colli
image,quiz_20251228_000740.png,spinal cord
image,quiz_20251228_000819.png,spinal n.
